,battleTime,arena.id,gameMode.id,average.startingTrophies,winner.tag,winner.startingTrophies,winner.trophyChange,winner.crowns,winner.kingTowerHitPoints,winner.princessTowersHitPoints,winner.clan.tag,winner.clan.badgeId,loser.tag,loser.startingTrophies,loser.trophyChange,loser.crowns,loser.kingTowerHitPoints,loser.clan.tag,loser.clan.badgeId,loser.princessTowersHitPoints,tournamentTag,winner.card1.id,winner.card1.level,winner.card2.id,winner.card2.level,winner.card3.id,winner.card3.level,winner.card4.id,winner.card4.level,winner.card5.id,winner.card5.level,winner.card6.id,winner.card6.level,winner.card7.id,winner.card7.level,winner.card8.id,winner.card8.level,winner.cards.list,winner.totalcard.level,winner.troop.count,winner.structure.count,winner.spell.count,winner.common.count,winner.rare.count,winner.epic.count,winner.legendary.count,winner.elixir.average,loser.card1.id,loser.card1.level,loser.card2.id,loser.card2.level,loser.card3.id,loser.card3.level,loser.card4.id,loser.card4.level,loser.card5.id,loser.card5.level,loser.card6.id,loser.card6.level,loser.card7.id,loser.card7.level,loser.card8.id,loser.card8.level,loser.cards.list,loser.totalcard.level,loser.troop.count,loser.structure.count,loser.spell.count,loser.common.count,loser.rare.count,loser.epic.count,loser.legendary.count,loser.elixir.average
0,2020-12-31 21:02:12+00:00,54000050.0,72000006.0,5363.0,#PVLPJP2Y,5372.0,28.0,2.0,4145.0,[1484],#2PYV00GQ,16000030.0,#PLYJVUQY2,5354.0,-28.0,1.0,1402.0,#8G2QJ9Y2,16000044.0,,,26000008,13,26000022,13,28000001,13,26000004,13,26000003,13,27000004,13,28000002,13,26000006,13,"[26000003, 26000004, 26000006, 26000008, 26000022, 27000004, 28000001, 28000002]",104,5,1,2,3,2,3,0,4.5,27000004,13,26000015,13,28000010,13,28000009,13,28000012,13,26000023,13,26000000,13,28000015,13,"[26000000, 26000015, 26000023, 27000004, 28000009, 28000010, 28000012, 28000015]",104,3,1,4,1,1,4,2,3.5
1,2020-12-31 21:02:15+00:00,54000050.0,72000006.0,5407.0,#8PRLRYYCV,5409.0,29.0,1.0,5304.0,"[579, 3082]",,,#92VG2CPY,5405.0,-29.0,0.0,5107.0,#8V22RYJ9,16000097.0,[2280],,26000056,13,28000011,12,27000003,12,26000010,12,28000004,13,26000000,13,26000040,12,26000026,12,"[26000000, 26000010, 26000026, 26000040, 26000056, 27000003, 28000004, 28000011]",99,5,1,2,2,2,2,2,2.875,26000037,13,26000046,13,26000055,13,28000009,13,27000001,13,26000062,13,26000023,13,26000027,13,"[26000023, 26000027, 26000037, 26000046, 26000055, 26000062, 27000001, 28000009]",104,6,1,1,0,1,2,5,4.25
2,2020-12-31 21:02:45+00:00,54000050.0,72000006.0,5741.0,#2G8LQRCG,5749.0,28.0,2.0,5762.0,"[2080, 2099]",#29GY0C28,16000112.0,#2PCUY9U80,5733.0,-28.0,0.0,2070.0,#YCU29JR2,16000077.0,,,26000044,13,26000059,13,26000010,13,26000061,13,26000055,13,26000042,13,28000015,13,28000008,13,"[26000010, 26000042, 26000044, 26000055, 26000059, 26000061, 28000008, 28000015]",104,6,0,2,2,1,2,3,3.5,26000046,13,26000041,13,26000028,13,26000049,13,26000022,13,26000027,13,28000008,13,26000059,13,"[26000022, 26000027, 26000028, 26000041, 26000046, 26000049, 26000059, 28000008]",104,7,0,1,4,2,1,1,4.125
3,2020-12-31 21:03:13+00:00,54000050.0,72000006.0,4307.0,#Y9QL09VGV,4316.0,28.0,2.0,4392.0,[1322],#2J9YCYG0,16000168.0,#9GJJGYL8P,4298.0,-28.0,1.0,4228.0,#YR9YCRRC,16000163.0,,,28000004,11,28000000,9,26000041,11,26000016,10,26000026,10,28000011,11,26000023,10,28000012,8,"[26000016, 26000023, 26000026, 26000041, 28000000, 28000004, 28000011, 28000012]",80,4,0,4,1,1,3,3,3.25,26000027,10,26000031,10,28000000,10,26000033,10,26000046,10,26000012,10,26000062,10,27000006,10,"[26000012, 26000027, 26000031, 26000033, 26000046, 26000062, 27000006, 28000000]",80,6,1,1,2,1,2,3,3.75
4,2020-12-31 21:03:17+00:00,54000050.0,72000006.0,5776.5,#9RRYG9P9U,5783.0,28.0,3.0,5832.0,"[3668, 3668]",#V0U,16000054.0,#80J0LUCP8,5770.0,-28.0,0.0,,#2QP222UU,16000114.0,,,28000011,13,26000021,13,26000014,13,26000038,13,28000000,13,26000030,13,26000010,13,27000000,13,"[26000010, 26000014, 26000021, 26000030, 26000038, 27000000, 28000000, 28000011]",104,5,1,2,3,4,0,1,2.625,26000021,13,27000004,13,26000037,13,28000011,13,26000064,13,28000000,13,26000011,13,26000010,13,"[26000010, 26000011, 26000021, 26000037, 26000064, 27000004, 28000000, 28000011]",104,5,1,2,2,4,0,2,3.25
5,2020-12-31 21:03:27+00:00,54000050.0,72000006.0,4824.0,#9JVCRG9J2,4828.0,29.0,1.0,5832.0,"[1519, 3260]",#Y0UVYGRJ,16000096.0,#YL2RV8Y,4820.0,-29.0,0.0,5205.0,#PYL0P9J,16000125.0,[3570],,26000041,13,26000045,13,28000002,11,26000043,13,26000049,13,26000011,13,26000021,13,28000011,13,"[26000011, 26000021, 26000041, 26000043, 26000045, 26000049, 28000002, 28000011]",102,6,0,2,3,2,2,1,3.5,26000009,13,26000001,13,26000045,13,26000038,13,26000039,13,28000015,10,28000000,13,28000008,13,"[26000001, 26000009, 26000038, 26000039, 26000045, 28000000, 28000008, 28000015]",101,5,0,3,2,3,3,0,3.625
6,2020-12-31 21:03:48+00:00,54000050.0,72000006.0,5125.0,#2J209CGCL,5123.0,30.0,2.0,5344.0,[1635],#U0JCGLV,16000024.0,#200Q9Y08L,5127.0,-30.0,1.0,5832.0,#9RCUJJ0,16000029.0,,,26000061,13,26000052,13,26000020,13,28000015,13,26000044,13,26000084,13,28000014,13,26000024,13,"[26000020, 26000024, 26000044, 26000052, 26000061, 26000084, 28000014, 28000015]",104,6,0,2,2,2,3,1,3.625,26000000,13,26000056,13,26000031,13,27000010,13,28000000,13,26000005,13,28000011,13,26000011,13,"[26000000, 26000005, 26000011, 26000031, 26000056, 27000010, 28000000, 28000011]",104,5,1,2,3,3,1,1,3.125
7,2020-12-31 21:03:48+00:00,54000050.0,72000006.0,5318.0,#2VUYRR2QY,5299.0,33.0,2.0,5832.0,[1331],#PYV00PLR,16000029.0,#809J00C9Q,5337.0,-33.0,1.0,5639.0,#2V220RC9,16000154.0,,,26000055,13,26000021,13,27000006,13,26000015,13,26000049,13,26000019,13,28000011,13,28000000,13,"[26000015, 26000019, 26000021, 26000049, 26000055, 27000006, 28000000, 28000011]",104,5,1,2,3,2,1,2,3.625,26000004,13,26000035,13,26000044,13,26000013,13,26000006,13,28000008,13,28000000,13,26000039,12,"[26000004, 26000006, 26000013, 26000035, 26000039, 26000044, 28000000, 28000008]",103,6,0,2,2,2,3,1,4.0
8,2020-12-31 21:04:12+00:00,54000050.0,72000006.0,4679.5,#LYCQ2JGLC,4687.0,28.0,1.0,5234.0,"[3346, 2712]",#299RY8CJ,16000029.0,#UC2GYUPP,4672.0,-28.0,0.0,5304.0,#88RG2RC2,16000075.0,[3346],,26000004,13,26000062,12,26000000,12,26000021,12,28000001,12,26000042,12,28000008,12,26000016,13,"[26000000, 26000004, 26000016, 26000021, 26000042, 26000062, 28000001, 28000008]",98,6,0,2,3,1,2,2,4.0,26000042,11,26000064,12,27000006,13,26000055,12,28000001,12,28000007,11,26000011,12,26000000,13,"[26000000, 26000011, 26000042, 26000055, 26000064, 27000006, 28000001, 28000007]",96,5,1,2,4,1,1,2,4.25
9,2020-12-31 21:04:37+00:00,54000050.0,72000006.0,5169.5,#2RR29VV20,5169.0,30.0,1.0,5832.0,"[3668, 803]",#PVGRLQC0,16000043.0,#89VULGQGG,5170.0,-30.0,0.0,5107.0,#YQQP8V2Q,16000003.0,[3668],,26000023,13,28000007,13,26000064,13,27000006,13,28000011,13,28000012,13,26000004,13,28000004,13,"[26000004, 26000023, 26000064, 27000006, 28000004, 28000007, 28000011, 28000012]",104,3,1,4,2,0,4,2,3.875,26000004,13,28000002,13,27000006,13,26000067,13,28000000,13,26000007,13,26000017,13,26000011,13,"[26000004, 26000007, 26000011, 26000017, 26000067, 27000006, 28000000, 28000002]",104,5,1,2,1,4,3,0,4.25
10,2020-12-31 21:04:38+00:00,54000050.0,72000006.0,4362.5,#C00G0C9,4364.0,29.0,1.0,4824.0,"[1283, 1177]",#9VVYUL8,16000017.0,#P8PVQYGCG,4361.0,-29.0,0.0,2484.0,#Y2YUGPGL,16000002.0,[51],,28000015,10,26000009,10,26000035,10,28000012,9,26000063,10,26000054,11,26000039,10,26000015,11,"[26000009, 26000015, 26000035, 26000039, 26000054, 26000063, 28000012, 28000015]",81,6,0,2,0,1,6,1,4.25,28000011,10,26000011,11,26000017,13,26000015,13,26000021,11,26000037,11,26000024,11,26000012,12,"[26000011, 26000012, 26000015, 26000017, 26000021, 26000024, 26000037, 28000011]",92,7,0,1,1,3,2,2,4.0
11,2020-12-31 21:04:43+00:00,54000050.0,72000006.0,5253.0,#RUY8UC0U,5245.0,31.0,1.0,5832.0,"[3668, 915]",#2L9VLGG,16000081.0,#88GJLP02C,5261.0,-31.0,0.0,5832.0,#PJUR82Q8,16000050.0,[1181],,26000009,13,26000015,13,26000035,13,26000018,13,28000007,13,26000039,13,26000048,12,26000010,12,"[26000009, 26000010, 26000015, 26000018, 26000035, 26000039, 26000048, 28000007]",102,7,0,1,1,2,3,2,4.25,26000052,13,26000035,12,28000005,13,26000006,13,28000012,12,26000034,12,26000037,12,28000015,13,"[26000006, 26000034, 26000035, 26000037, 26000052, 28000005, 28000012, 28000015]",100,5,0,3,0,1,5,2,3.875
12,2020-12-31 21:04:53+00:00,54000050.0,72000006.0,4754.0,#8JQPVRR,4740.0,32.0,2.0,4634.0,[2558],#YU0JV9QV,16000077.0,#P8YRLLV8,4768.0,-32.0,1.0,4149.0,#8VYCY99,16000171.0,,,26000015,12,26000013,13,26000005,13,26000008,13,28000004,12,26000003,13,28000000,13,28000008,13,"[26000003, 26000005, 26000008, 26000013, 26000015, 28000000, 28000004, 28000008]",102,5,0,3,4,2,2,0,3.625,26000012,11,28000009,12,26000009,12,26000049,13,26000026,10,26000013,12,26000031,13,26000040,12,"[26000009, 26000012, 26000013, 26000026, 26000031, 26000040, 26000049, 28000009]",95,7,0,1,3,1,3,1,3.5
13,2020-12-31 21:05:26+00:00,54000050.0,72000006.0,5403.0,#PVLPJP2Y,5400.0,30.0,2.0,5832.0,[2412],#2PYV00GQ,16000030.0,#90L22JC89,5406.0,-30.0,1.0,5042.0,#8PGVU9GJ,16000107.0,,,26000008,13,26000022,13,28000001,13,26000004,13,26000003,13,27000004,13,28000002,13,26000006,13,"[26000003, 26000004, 26000006, 26000008, 26000022, 27000004, 28000001, 28000002]",104,5,1,2,3,2,3,0,4.5,28000009,13,28000011,13,26000062,12,26000050,12,26000042,13,26000036,13,26000004,13,26000046,12,"[26000004, 26000036, 26000042, 26000046, 26000050, 26000062, 28000009, 28000011]",101,6,0,2,0,1,2,5,3.875
14,2020-12-31 21:05:36+00:00,54000050.0,72000006.0,5622.5,#88RY900LY,5611.0,31.0,1.0,5832.0,"[3563, 1010]",#8GGCQQ82,16000097.0,#8J0PJLQQQ,5634.0,-31.0,0.0,5832.0,#2GLVUJYQ,16000024.0,[1650],,26000047,13,28000008,13,27000012,13,26000059,13,26000046,13,26000001,13,28000014,13,26000057,13,"[26000001, 26000046, 26000047, 26000057, 26000059, 27000012, 28000008, 28000014]",104,5,1,2,3,4,0,1,3.875,28000000,13,28000008,13,26000042,13,26000037,13,26000027,13,26000003,13,28000011,13,26000016,13,"[26000003, 26000016, 26000027, 26000037, 26000042, 28000000, 28000008, 28000011]",104,5,0,3,1,2,2,3,3.75
15,2020-12-31 21:05:36+00:00,54000050.0,72000006.0,5148.0,#8YP090GLJ,5144.0,30.0,1.0,4724.0,"[15, 2560]",#2CVGGG2G,16000162.0,#982CGC8YY,5152.0,-30.0,0.0,4196.0,#YRJCURQG,16000081.0,[2238],,27000003,13,26000021,13,26000045,13,26000005,13,26000011,13,28000008,13,26000031,13,26000055,13,"[26000005, 26000011, 26000021, 26000031, 26000045, 26000055, 27000003, 28000008]",104,6,1,1,3,3,1,1,4.0,26000049,13,26000023,13,26000012,13,26000017,13,28000008,13,26000018,13,26000033,13,26000003,13,"[26000003, 26000012, 26000017, 26000018, 26000023, 26000033, 26000049, 28000008]",104,7,0,1,2,3,1,2,3.75
16,2020-12-31 21:05:36+00:00,54000050.0,72000006.0,4124.0,#GL92UG02P,4123.0,30.0,3.0,4392.0,"[2786, 529]",#QLG9PYC,16000167.0,#8YJGCYUC9,4125.0,-30.0,0.0,,#PR8U0PYQ,16000009.0,,,26000009,9,26000048,9,26000035,9,28000015,9,26000039,8,26000015,8,28000008,11,28000007,8,"[26000009, 26000015, 26000035, 26000039, 26000048, 28000007, 28000008, 28000015]",71,5,0,3,1,1,4,2,4.125,28000003,10,26000055,9,26000022,11,26000009,11,26000006,10,26000085,7,27000008,10,26000037,10,"[26000006, 26000009, 26000022, 26000037, 26000055, 26000085, 27000008, 28000003]",78,6,1,1,1,1,4,2,6.125
17,2020-12-31 21:05:37+00:00,54000050.0,72000006.0,4666.5,#YGU2RGLL,4662.0,30.0,3.0,5832.0,"[3668, 3668]",#U0JCGLV,16000024.0,#9QP8UVCYR,4671.0,-30.0,0.0,,,,,,26000015,13,26000011,13,26000000,13,26000021,13,26000056,13,26000026,13,26000037,13,27000010,13,"[26000000, 26000011, 26000015, 26000021, 26000026, 26000037, 26000056, 27000010]",104,7,1,0,1,3,2,2,3.625,26000030,12,26000055,11,26000021,11,26000062,10,26000005,12,28000013,11,27000000,12,26000010,12,"[26000005, 26000010, 26000021, 26000030, 26000055, 26000062, 27000000, 28000013]",91,6,1,1,4,1,1,2,3.25
18,2020-12-31 21:06:08+00:00,54000050.0,72000006.0,5229.5,#L2YRUVP,5238.0,28.0,1.0,5832.0,"[2904, 548]",#99PGPV02,16000038.0,#V8CQGRL9,5221.0,-28.0,0.0,5832.0,#8CJQJLQL,16000002.0,[3348],,26000032,13,26000003,13,28000001,13,28000000,13,26000007,13,26000039,13,26000018,13,28000008,13,"[26000003, 26000007, 26000018, 26000032, 26000039, 28000000, 28000001, 28000008]",104,5,0,3,2,4,1,1,3.625,26000036,13,28000011,13,26000004,13,26000046,12,28000007,13,26000080,13,26000042,12,28000001,13,"[26000004, 26000036, 26000042, 26000046, 26000080, 28000001, 28000007, 28000011]",102,5,0,3,2,1,2,3,4.125
19,2020-12-31 21:06:33+00:00,54000050.0,72000006.0,4333.5,#Y9QL09VGV,4344.0,28.0,1.0,4392.0,"[2503, 2759]",#2J9YCYG0,16000168.0,#L9QUQLCPU,4323.0,-28.0,0.0,4392.0,#YC8UQJVU,16000014.0,[2250],,28000004,11,28000000,9,26000041,11,26000016,10,26000026,10,28000011,11,26000023,10,28000012,8,"[26000016, 26000023, 26000026, 26000041, 28000000, 28000004, 28000011, 28000012]",80,4,0,4,1,1,3,3,3.25,26000026,9,26000042,9,26000020,8,26000055,10,26000045,8,26000017,10,28000000,8,28000005,8,"[26000017, 26000020, 26000026, 26000042, 26000045, 26000055, 28000000, 28000005]",70,6,0,2,0,2,3,3,4.75
20,2020-12-31 21:06:42+00:00,54000050.0,72000006.0,5532.0,#8YJJRJ2VC,5551.0,26.0,2.0,5064.0,[2194],#8GGCQQ82,16000097.0,#8P8QC2JL8,5513.0,-26.0,1.0,939.0,#JGR2JVP,16000125.0,,,26000004,13,26000062,13,26000036,13,26000046,13,26000050,13,26000042,13,28000008,13,28000009,13,"[26000004, 26000036, 26000042, 26000046, 26000050, 26000062, 28000008, 28000009]",104,6,0,2,1,1,2,4,3.875,26000021,13,28000001,13,26000031,13,26000055,13,26000049,13,26000037,13,26000027,13,28000007,13,"[26000021, 26000027, 26000031, 26000037, 26000049, 26000055, 28000001, 28000007]",104,6,0,2,3,1,2,2,4.0
21,2020-12-31 21:06:49+00:00,54000050.0,72000006.0,5122.0,#2QLPJCVJ,5115.0,31.0,1.0,5832.0,"[3668, 604]",#YJQ8R0QJ,16000143.0,#PP2Y2GGGR,5129.0,-31.0,0.0,5304.0,#2Q9Y0JY2,16000122.0,[3346],,26000017,13,26000009,13,26000018,13,28000001,13,26000037,13,27000010,13,28000003,13,28000007,13,"[26000009, 26000017, 26000018, 26000037, 27000010, 28000001, 28000003, 28000007]",104,4,1,3,1,4,2,1,5.0,27000003,13,26000025,13,26000021,13,28000008,13,26000035,13,28000000,13,26000011,13,26000017,13,"[26000011, 26000017, 26000021, 26000025, 26000035, 27000003, 28000000, 28000008]",104,5,1,2,1,5,1,1,3.875
22,2020-12-31 21:06:51+00:00,54000050.0,72000006.0,4863.0,#YL0289PJ,4862.0,30.0,2.0,5242.0,[282],#YQ82Y98J,16000001.0,#Y8C900GRQ,4864.0,-30.0,1.0,1976.0,#8QYQRP9,16000078.0,,,26000004,13,26000033,10,26000043,13,26000083,13,28000000,13,26000014,13,26000062,13,28000008,13,"[26000004, 26000014, 26000033, 26000043, 26000062, 26000083, 28000000, 28000008]",101,6,0,2,2,2,1,3,4.625,26000055,12,26000046,12,26000058,13,26000032,12,26000049,13,28000008,13,26000014,13,26000002,13,"[26000002, 26000014, 26000032, 26000046, 26000049, 26000055, 26000058, 28000008]",101,7,0,1,3,1,1,3,3.125
23,2020-12-31 21:06:52+00:00,54000050.0,72000006.0,5500.0,#2G0YP8LLP,5511.0,28.0,1.0,5678.0,"[1878, 3668]",#LR89ULQ,16000077.0,#2QLYL0YRL,5489.0,-28.0,0.0,5832.0,#CYGQQ80,16000035.0,[3668],,26000037,13,28000008,13,28000007,13,26000006,13,27000012,13,28000012,13,28000015,13,26000023,13,"[26000006, 26000023, 26000037, 27000012, 28000007, 28000008, 28000012, 28000015]",104,3,1,4,1,1,4,2,3.625,26000037,13,26000042,13,26000046,13,28000015,13,26000064,13,26000055,13,28000001,13,26000056,13,"[26000037, 26000042, 26000046, 26000055, 26000056, 26000064, 28000001, 28000015]",104,6,0,2,2,0,2,4,3.625
24,2020-12-31 21:07:03+00:00,54000050.0,72000006.0,5077.5,#CCUP9UUJ,5081.0,29.0,1.0,5832.0,"[3668, 3346]",#9CRU89,16000083.0,#JJJLJPP,5074.0,-29.0,0.0,5832.0,#9YPYJPPQ,16000174.0,[3668],,28000011,13,27000001,13,27000010,13,26000012,13,26000041,13,27000006,13,26000032,13,28000000,13,"[26000012, 26000032, 26000041, 27000001, 27000006, 27000010, 28000000, 28000011]",104,3,3,2,2,3,1,2,3.5,26000055,13,26000039,13,26000011,13,26000032,13,26000061,13,26000084,12,26000044,13,26000037,13,"[26000011, 26000032, 26000037, 26000039, 26000044, 26000055, 26000061, 26000084]",103,8,0,0,1,2,1,4,3.625
25,2020-12-31 21:07:06+00:00,54000050.0,72000006.0,5480.5,#8GRVY9G0,5471.0,31.0,1.0,5832.0,"[1549, 3668]",#82G8GQC8,16000145.0,#9JJL29JLU,5490.0,-31.0,0.0,5622.0,#20PG0RCU,16000078.0,[3668],,26000034,13,26000024,13,28000008,13,27000006,13,26000064,12,28000004,13,26000008,13,28000011,13,"[26000008, 26000024, 26000034, 26000064, 27000006, 28000004, 28000008, 28000011]",103,4,1,3,5,0,2,1,3.75,26000012,13,26000011,13,26000049,13,27000010,13,28000007,13,26000015,13,26000037,13,26000035,13,"[26000011, 26000012, 26000015, 26000035, 26000037, 26000049, 27000010, 28000007]",104,6,1,1,1,2,3,2,3.875
26,2020-12-31 21:07:07+00:00,54000050.0,72000006.0,4579.5,#8CP8YGQG2,4567.0,32.0,3.0,5304.0,"[3346, 2419]",#C2QYQ8L,16000014.0,#YP9U29J02,4592.0,-32.0,0.0,,#JC9R0QG,16000125.0,,,28000001,13,28000004,12,26000020,13,28000005,12,26000026,12,26000022,13,26000012,11,26000017,13,"[26000012, 26000017, 26000020, 26000022, 26000026, 28000001, 28000004, 28000005]",99,5,0,3,2,1,4,1,4.0,26000017,12,26000022,12,26000006,13,26000011,13,26000012,11,26000046,12,26000042,11,28000005,11,"[26000006, 26000011, 26000012, 26000017, 26000022, 26000042, 26000046, 28000005]",95,7,0,1,1,2,3,2,4.125
27,2020-12-31 21:07:19+00:00,54000050.0,72000006.0,5304.0,#2JUC90UG,5291.0,32.0,2.0,4976.0,[1458],#LUPLLCJG,16000032.0,#8Q92JQ8VJ,5317.0,-32.0,1.0,3688.0,#9J0RPJ82,16000032.0,,,26000005,13,27000010,13,28000000,13,26000014,13,26000021,13,26000018,13,26000011,13,28000001,13,"[26000005, 26000011, 26000014, 26000018, 26000021, 27000010, 28000000, 28000001]",104,5,1,2,2,6,0,0,3.75,26000007,13,26000041,13,26000013,13,26000020,13,26000011,13,26000006,13,28000001,13,26000049,13,"[26000006, 26000007, 26000011, 26000013, 26000020, 26000041, 26000049, 28000001]",104,7,0,1,4,1,3,0,3.875
28,2020-12-31 21:07:32+00:00,54000050.0,72000006.0,4763.5,#89YYJRRG,4763.0,30.0,1.0,5832.0,"[1314, 3668]",#YJJVQ0RV,16000061.0,#YLJ92UP9P,4764.0,-30.0,0.0,5054.0,#LP2J90GJ,16000165.0,[3346],,26000018,13,28000011,13,26000022,13,26000021,13,28000000,13,26000017,13,26000011,13,26000008,13,"[26000008, 26000011, 26000017, 26000018, 26000021, 26000022, 28000000, 28000011]",104,6,0,2,2,5,0,1,4.125,26000055,12,26000013,13,26000017,13,26000052,13,26000062,12,27000006,13,26000056,12,28000011,12,"[26000013, 26000017, 26000052, 26000055, 26000056, 26000062, 27000006, 28000011]",100,6,1,1,2,2,1,3,4.0
29,2020-12-31 21:07:36+00:00,54000050.0,72000006.0,5430.5,#2U2RL9R8,5440.0,28.0,1.0,5832.0,"[3668, 2306]",#8YQ9UL,16000146.0,#2U2RCLJQL,5421.0,-28.0,0.0,4860.0,#L09LRC9C,16000100.0,[3668],,26000055,13,26000021,13,26000015,13,26000018,13,27000006,13,28000011,13,26000042,13,28000009,13,"[26000015, 26000018, 26000021, 26000042, 26000055, 27000006, 28000009, 28000011]",104,5,1,2,1,2,2,3,4.125,26000010,13,26000021,13,26000014,13,26000038,13,26000030,13,27000000,13,28000000,13,28000011,13,"[26000010, 26000014, 26000021, 26000030, 26000038, 27000000, 28000000, 28000011]",104,5,1,2,3,4,0,1,2.625
30,2020-12-31 21:08:01+00:00,54000050.0,72000006.0,4396.0,#C00G0C9,4393.0,30.0,1.0,4718.0,"[3052, 1405]",#9VVYUL8,16000017.0,#9LVYLUUYL,4399.0,-30.0,0.0,2076.0,#YYYP90GG,16000002.0,[2786],,28000015,10,26000009,10,26000035,10,28000012,9,26000063,10,26000054,11,26000039,10,26000015,11,"[26000009, 26000015, 26000035, 26000039, 26000054, 26000063, 28000012, 28000015]",81,6,0,2,0,1,6,1,4.25,26000032,10,26000046,10,27000006,11,26000027,10,26000000,11,28000015,10,26000062,10,26000041,10,"[26000000, 26000027, 26000032, 26000041, 26000046, 26000062, 27000006, 28000015]",82,6,1,1,3,0,2,3,3.25
31,2020-12-31 21:08:02+00:00,54000050.0,72000006.0,5238.5,#8PL98RYJP,5244.0,29.0,1.0,5755.0,"[1014, 3283]",#L0U0CCL9,16000164.0,#L9R092PG2,5233.0,-29.0,0.0,5304.0,#YR2CLPLL,16000006.0,[1933],,26000023,13,28000012,13,28000011,13,27000004,13,26000021,13,26000002,13,26000000,13,28000000,13,"[26000000, 26000002, 26000021, 26000023, 27000004, 28000000, 28000011, 28000012]",104,4,1,3,2,3,1,2,3.125,26000059,13,26000037,12,28000015,13,28000000,13,26000055,13,26000044,12,26000018,13,26000064,13,"[26000018, 26000037, 26000044, 26000055, 26000059, 26000064, 28000000, 28000015]",102,6,0,2,1,3,2,2,4.125
32,2020-12-31 21:08:10+00:00,54000050.0,72000006.0,5265.5,#RUY8UC0U,5276.0,28.0,2.0,5184.0,[3668],#2L9VLGG,16000081.0,#9QVUJV8YP,5255.0,-28.0,1.0,4962.0,#9J2V0U8U,16000145.0,,,26000009,13,26000015,13,26000035,13,26000018,13,28000007,13,26000039,13,26000048,12,26000010,12,"[26000009, 26000010, 26000015, 26000018, 26000035, 26000039, 26000048, 28000007]",102,7,0,1,1,2,3,2,4.25,26000018,13,27000003,13,26000055,13,28000008,13,26000045,13,26000042,12,26000033,13,28000000,13,"[26000018, 26000033, 26000042, 26000045, 26000055, 27000003, 28000000, 28000008]",103,5,1,2,1,3,1,3,4.625
33,2020-12-31 21:08:11+00:00,54000050.0,72000006.0,5016.5,#8CYGGJURQ,5021.0,29.0,1.0,5755.0,"[2572, 3369]",#U0JCGLV,16000024.0,#P9CPRGV9Y,5012.0,-29.0,0.0,5832.0,,,[3668],,28000004,13,27000003,13,26000040,13,26000000,13,28000011,13,28000000,13,26000010,12,26000056,13,"[26000000, 26000010, 26000040, 26000056, 27000003, 28000000, 28000004, 28000011]",103,4,1,3,2,3,2,1,3.0,26000056,13,26000080,13,26000047,13,27000006,13,26000064,13,28000011,13,26000033,13,28000001,13,"[26000033, 26000047, 26000056, 26000064, 26000080, 27000006, 28000001, 28000011]",104,5,1,2,5,0,1,2,4.0
34,2020-12-31 21:08:33+00:00,54000050.0,72000006.0,5128.0,#8080PJJG2,5119.0,31.0,1.0,5832.0,"[685, 1805]",#RGL2C,16000025.0,#8JV8UYCR,5137.0,-31.0,0.0,3654.0,#Y8UPYJU,16000010.0,[1276],,26000049,13,26000037,13,28000008,13,26000041,13,26000032,13,26000040,13,26000055,13,26000056,13,"[26000032, 26000037, 26000040, 26000041, 26000049, 26000055, 26000056, 28000008]",104,7,0,1,3,1,1,3,3.375,28000001,13,26000040,13,26000018,13,26000021,13,26000013,13,26000003,13,26000005,13,26000014,13,"[26000003, 26000005, 26000013, 26000014, 26000018, 26000021, 26000040, 28000001]",104,7,0,1,3,5,0,0,3.625
35,2020-12-31 21:08:34+00:00,54000050.0,72000006.0,5186.5,#2VGU0RU2,5184.0,30.0,1.0,5832.0,"[784, 3508]",#99000PUU,16000005.0,#PC9VYY0C8,5189.0,-30.0,0.0,5601.0,#9V0Q9V,16000079.0,[3591],,26000017,13,26000064,13,28000001,13,28000004,13,26000011,13,26000016,13,26000049,13,27000006,13,"[26000011, 26000016, 26000017, 26000049, 26000064, 27000006, 28000001, 28000004]",104,5,1,2,4,2,2,0,3.625,26000059,13,26000052,13,26000047,13,28000000,13,27000012,13,26000057,13,26000084,13,28000015,13,"[26000047, 26000052, 26000057, 26000059, 26000084, 27000012, 28000000, 28000015]",104,5,1,2,2,5,1,0,3.875
36,2020-12-31 21:08:40+00:00,54000050.0,72000006.0,5534.0,#URQJURR0,5524.0,31.0,3.0,5832.0,"[3668, 3202]",#GR80Y9J,16000167.0,#L9PJVCCVY,5544.0,-31.0,0.0,,#898QQQV,16000016.0,,,26000059,13,26000084,11,26000047,13,28000000,13,26000052,12,27000012,13,26000057,13,28000015,13,"[26000047, 26000052, 26000057, 26000059, 26000084, 27000012, 28000000, 28000015]",101,5,1,2,2,5,1,0,3.875,28000000,13,26000061,13,26000037,13,26000021,13,26000011,13,28000011,13,26000049,13,26000038,13,"[26000011, 26000021, 26000037, 26000038, 26000049, 26000061, 28000000, 28000011]",104,6,0,2,1,4,0,3,3.125
37,2020-12-31 21:08:43+00:00,54000050.0,72000006.0,4886.0,#2YP0P8QU,4885.0,30.0,1.0,5832.0,"[540, 3668]",#9CVJ9CLJ,16000095.0,#8LG0UVLGV,4887.0,-30.0,0.0,5304.0,#2PYJP0CR,16000115.0,[3346],,26000001,13,26000003,13,26000005,13,26000008,13,26000013,13,26000021,13,28000000,13,28000001,13,"[26000001, 26000003, 26000005, 26000008, 26000013, 26000021, 28000000, 28000001]",104,6,0,2,5,3,0,0,3.75,26000055,12,27000006,12,26000000,13,26000006,13,28000001,12,26000049,12,26000042,11,26000035,11,"[26000000, 26000006, 26000035, 26000042, 26000049, 26000055, 27000006, 28000001]",96,6,1,1,4,0,1,3,4.0
38,2020-12-31 21:08:47+00:00,54000050.0,72000006.0,5147.0,#28LR0V90P,5150.0,29.0,1.0,5832.0,"[749, 394]",#PGU9LRQ,16000002.0,#L009V82L,5144.0,-29.0,0.0,5832.0,#YCUP8CPU,16000107.0,[2915],,28000001,13,28000007,13,26000017,13,26000018,13,26000011,13,26000021,13,26000000,13,26000023,13,"[26000000, 26000011, 26000017, 26000018, 26000021, 26000023, 28000001, 28000007]",104,6,0,2,2,4,1,1,4.0,26000055,13,28000011,13,26000026,13,26000058,13,28000004,13,27000012,13,26000040,13,26000019,13,"[26000019, 26000026, 26000040, 26000055, 26000058, 27000012, 28000004, 28000011]",104,5,1,2,1,2,2,3,3.25
39,2020-12-31 21:09:03+00:00,54000050.0,72000006.0,5166.5,#8YP090GLJ,5174.0,28.0,1.0,5832.0,"[2062, 336]",#2CVGGG2G,16000162.0,#2YRPCGGP0,5159.0,-28.0,0.0,3036.0,#YRV00LY9,16000012.0,[1606],,27000003,13,26000021,13,26000045,13,26000005,13,26000011,13,28000008,13,26000031,13,26000055,13,"[26000005, 26000011, 26000021, 26000031, 26000045, 26000055, 27000003, 28000008]",104,6,1,1,3,3,1,1,4.0,26000033,13,26000020,13,26000017,13,28000013,11,26000035,13,26000012,13,26000006,13,28000001,13,"[26000006, 26000012, 26000017, 26000020, 26000033, 26000035, 28000001, 28000013]",102,6,0,2,1,1,4,2,4.375
40,2020-12-31 21:09:07+00:00,54000050.0,72000006.0,5364.5,#RUUPY0P8,5354.0,31.0,2.0,4638.0,[191],#LUPLLCJG,16000032.0,#GYQP2VVR,5375.0,-31.0,1.0,4295.0,#2JYLGJ0Y,16000010.0,,,26000010,12,28000011,13,26000038,13,26000018,13,26000044,13,28000000,13,26000059,13,26000062,12,"[26000010, 26000018, 26000038, 26000044, 26000059, 26000062, 28000000, 28000011]",102,6,0,2,1,4,1,2,3.25,26000055,13,26000017,13,28000008,13,27000006,13,26000007,13,28000005,12,26000018,13,26000006,13,"[26000006, 26000007, 26000017, 26000018, 26000055, 27000006, 28000005, 28000008]",103,5,1,2,2,2,3,1,4.5
41,2020-12-31 21:09:08+00:00,54000050.0,72000006.0,5217.5,#LRUU0L22,5219.0,29.0,2.0,5832.0,[92],#8LG2LYLV,16000076.0,#8JU2U0LQ,5216.0,-29.0,1.0,1713.0,#PQL0JCQY,16000172.0,,,26000009,13,26000048,13,26000057,13,28000000,13,28000008,13,28000011,13,26000018,12,26000015,13,"[26000009, 26000015, 26000018, 26000048, 26000057, 28000000, 28000008, 28000011]",103,5,0,3,1,3,2,2,4.0,26000011,13,26000056,13,28000008,13,26000024,13,26000044,13,26000018,13,26000015,13,26000045,13,"[26000011, 26000015, 26000018, 26000024, 26000044, 26000045, 26000056, 28000008]",104,7,0,1,2,2,4,0,4.0
42,2020-12-31 21:09:17+00:00,54000050.0,72000006.0,5331.0,#2Q9P8QJCC,5329.0,30.0,1.0,5832.0,"[1042, 3404]",#LUPLLCJG,16000032.0,#2GYCVVP08,5333.0,-30.0,0.0,5832.0,#20LR9CP,16000007.0,[3410],,26000001,13,26000010,13,27000006,13,28000000,13,26000030,13,26000038,13,27000008,13,28000011,13,"[26000001, 26000010, 26000030, 26000038, 27000006, 27000008, 28000000, 28000011]",104,4,2,2,4,2,1,1,2.875,26000041,13,26000011,13,26000021,13,26000001,13,26000012,13,28000002,13,26000042,13,26000006,13,"[26000001, 26000006, 26000011, 26000012, 26000021, 26000041, 26000042, 28000002]",104,7,0,1,2,2,3,1,3.5
43,2020-12-31 21:09:17+00:00,54000050.0,72000006.0,4838.0,#8YV9VY90,4854.0,27.0,1.0,5832.0,"[2261, 735]",#JJR0PC,16000157.0,#PQPQVVU9C,4822.0,-27.0,0.0,4824.0,#PGVYLJG8,16000045.0,[2284],,27000006,13,26000017,13,26000021,13,28000007,13,28000011,13,26000039,13,26000000,12,28000004,13,"[26000000, 26000017, 26000021, 26000039, 27000006, 28000004, 28000007, 28000011]",103,4,1,3,2,3,2,1,3.75,26000055,13,26000015,12,28000015,13,26000021,12,26000000,13,26000049,12,28000008,13,26000019,13,"[26000000, 26000015, 26000019, 26000021, 26000049, 26000055, 28000008, 28000015]",101,6,0,2,4,1,2,1,3.25
44,2020-12-31 21:09:17+00:00,54000050.0,72000006.0,4771.5,#CLQP2V2V,4765.0,31.0,1.0,5304.0,"[3346, 1533]",#LR89ULQ,16000077.0,#80QLLVRR2,4778.0,-31.0,0.0,2726.0,#8RGLQ9,16000154.0,[3668],,28000002,12,28000011,12,26000005,13,26000000,13,26000021,13,26000017,13,26000045,13,26000006,13,"[26000000, 26000005, 26000006, 26000017, 26000021, 26000045, 28000002, 28000011]",102,6,0,2,2,2,3,1,3.625,28000001,12,26000049,13,26000003,12,28000017,13,28000010,12,26000018,13,26000014,13,26000012,12,"[26000003, 26000012, 26000014, 26000018, 26000049, 28000001, 28000010, 28000017]",100,5,0,3,3,3,1,1,3.5
45,2020-12-31 21:09:21+00:00,54000050.0,72000006.0,4737.0,#YU9J0G20G,4725.0,32.0,2.0,5108.0,[866],#PUQVLJP9,16000115.0,#8P92YGC0,4749.0,-32.0,1.0,4081.0,#QVC2QU,16000078.0,,,26000004,12,26000062,12,26000036,12,26000042,12,26000046,12,26000050,11,28000009,12,28000008,12,"[26000004, 26000036, 26000042, 26000046, 26000050, 26000062, 28000008, 28000009]",95,6,0,2,1,1,2,4,3.875,26000013,13,28000011,13,27000001,13,28000001,13,26000029,13,26000022,13,26000017,13,26000021,13,"[26000013, 26000017, 26000021, 26000022, 26000029, 27000001, 28000001, 28000011]",104,5,1,2,3,3,0,2,4.25
46,2020-12-31 21:09:27+00:00,54000050.0,72000006.0,5423.0,#8PRLRYYCV,5410.0,32.0,1.0,5304.0,"[1747, 1843]",,,#LGUULC88,5436.0,-32.0,0.0,5832.0,#8VYCY99,16000171.0,[3668],,26000056,13,28000011,12,27000003,12,26000010,12,28000004,13,26000000,13,26000040,12,26000026,12,"[26000000, 26000010, 26000026, 26000040, 26000056, 27000003, 28000004, 28000011]",99,5,1,2,2,2,2,2,2.875,26000022,13,26000037,13,26000012,13,26000021,13,26000011,13,28000008,13,26000026,13,26000016,13,"[26000011, 26000012, 26000016, 26000021, 26000022, 26000026, 26000037, 28000008]",104,7,0,1,2,2,2,2,3.75
47,2020-12-31 21:09:28+00:00,54000050.0,72000006.0,5011.5,#2V8G9RPQ8,5032.0,26.0,2.0,5448.0,[1796],#2GC08Q2U,16000072.0,#2CJQRLLRC,4991.0,-26.0,1.0,2460.0,#9YYPV92C,16000003.0,,,26000028,13,27000007,13,26000036,13,26000027,13,26000049,13,26000041,13,26000003,13,28000008,13,"[26000003, 26000027, 26000028, 26000036, 26000041, 26000049, 27000007, 28000008]",104,6,1,1,3,4,1,0,4.375,28000014,11,26000000,13,26000014,13,26000021,13,28000011,13,26000010,12,28000017,13,27000004,12,"[26000000, 26000010, 26000014, 26000021, 27000004, 28000011, 28000014, 28000017]",100,4,1,3,3,4,0,1,2.875
48,2020-12-31 21:09:32+00:00,54000050.0,72000006.0,5245.5,#PQCVG028Q,5248.0,29.0,1.0,5304.0,"[2702, 1950]",#YGJ0QQGQ,16000077.0,#GLPUU9R8,5243.0,-29.0,0.0,5832.0,#2RRG0R0Q,16000028.0,[1962],,26000004,13,26000042,13,26000036,13,28000008,13,26000050,13,28000009,13,26000046,13,26000062,12,"[26000004, 26000036, 26000042, 26000046, 26000050, 26000062, 28000008, 28000009]",103,6,0,2,1,1,2,4,3.875,26000016,13,26000017,13,26000064,13,26000011,13,28000015,13,28000001,13,26000042,13,28000012,13,"[26000011, 26000016, 26000017, 26000042, 26000064, 28000001, 28000012, 28000015]",104,5,0,3,2,2,3,1,3.625
49,2020-12-31 21:09:37+00:00,54000050.0,72000006.0,5896.0,#90VY9QG9C,5898.0,29.0,1.0,5832.0,"[3668, 2044]",#PGU9LRQ,16000002.0,#90UJYJ8L,5894.0,-29.0,0.0,5832.0,#P0VJYYVU,16000050.0,[3668],,26000015,13,26000009,13,28000001,13,28000007,13,26000048,13,26000000,13,26000008,13,28000015,13,"[26000000, 26000008, 26000009, 26000015, 26000048, 28000001, 28000007, 28000015]",104,5,0,3,3,0,4,1,4.375,26000055,13,26000042,13,26000051,13,26000046,13,26000037,13,28000009,13,28000015,13,28000017,13,"[26000037, 26000042, 26000046, 26000051, 26000055, 28000009, 28000015, 28000017]",104,5,0,3,1,0,2,5,3.875
50,2020-12-31 21:09:49+00:00,54000050.0,72000006.0,5271.0,#P0QLLLYC9,5257.0,32.0,3.0,5832.0,"[3668, 1658]",#YU0JV9QV,16000077.0,#LQUL0VRY,5285.0,-32.0,0.0,,,,,,26000029,13,26000039,13,27000009,13,26000032,13,28000001,13,26000008,13,26000057,13,26000080,13,"[26000008, 26000029, 26000032, 26000039, 26000057, 26000080, 27000009, 28000001]",104,6,1,1,3,3,0,2,4.0,28000008,13,26000039,13,26000061,13,26000032,13,26000018,13,28000009,13,26000048,13,26000003,13,"[26000003, 26000018, 26000032, 26000039, 26000048, 26000061, 28000008, 28000009]",104,6,0,2,1,3,1,3,3.5
51,2020-12-31 21:09:51+00:00,54000050.0,72000006.0,5368.0,#P28Y8P9L0,5372.0,29.0,1.0,5832.0,"[3668, 2402]",#Y00L9RPQ,16000022.0,#9JP9QJV8,5364.0,-29.0,0.0,5832.0,#PQULVJGP,16000165.0,[3668],,27000002,13,26000064,12,26000053,13,28000011,13,26000021,13,26000049,13,28000001,13,26000037,12,"[26000021, 26000037, 26000049, 26000053, 26000064, 27000002, 28000001, 28000011]",102,5,1,2,5,1,0,2,3.375,26000032,13,26000008,13,26000029,13,26000080,13,28000001,13,26000037,12,28000008,13,26000006,13,"[26000006, 26000008, 26000029, 26000032, 26000037, 26000080, 28000001, 28000008]",103,6,0,2,4,0,1,3,4.125
52,2020-12-31 21:09:58+00:00,54000050.0,72000006.0,5162.0,#9VRLRULG,5165.0,29.0,3.0,5832.0,"[2900, 2935]",#9JRVYQQC,16000080.0,#UJPG8G88,5159.0,-29.0,0.0,,#2RQ022UG,16000163.0,,,28000001,13,26000055,13,26000049,13,26000052,13,27000010,13,26000056,13,26000011,13,26000064,13,"[26000011, 26000049, 26000052, 26000055, 26000056, 26000064, 27000010, 28000001]",104,6,1,1,3,3,1,1,3.75,26000037,13,26000012,13,28000001,13,26000011,13,26000016,13,26000021,13,26000022,13,26000027,13,"[26000011, 26000012, 26000016, 26000021, 26000022, 26000027, 26000037, 28000001]",104,7,0,1,2,2,3,1,4.0
53,2020-12-31 21:10:01+00:00,54000050.0,72000006.0,5200.5,#2RR29VV20,5199.0,30.0,2.0,3564.0,[967],#PVGRLQC0,16000043.0,#2P2R29VVY,5202.0,-30.0,1.0,4281.0,#8LV0LLLY,16000010.0,,,26000023,13,28000007,13,26000064,13,27000006,13,28000011,13,28000012,13,26000004,13,28000004,13,"[26000004, 26000023, 26000064, 27000006, 28000004, 28000007, 28000011, 28000012]",104,3,1,4,2,0,4,2,3.875,26000031,13,26000006,13,26000056,13,26000041,13,28000008,13,26000011,13,27000006,13,26000005,13,"[26000005, 26000006, 26000011, 26000031, 26000041, 26000056, 27000006, 28000008]",104,6,1,1,5,1,2,0,3.25
54,2020-12-31 21:10:19+00:00,54000050.0,72000006.0,5402.0,#J22JGC9G,5412.0,28.0,1.0,5832.0,"[2383, 1852]",#8QQC2CG9,16000142.0,#8PP29YGY0,5392.0,-28.0,0.0,5832.0,#JVPC98,16000063.0,[2587],,26000000,13,28000018,13,26000014,13,28000010,13,26000080,13,28000015,13,27000005,13,28000009,13,"[26000000, 26000014, 26000080, 27000005, 28000009, 28000010, 28000015, 28000018]",104,3,1,4,3,2,2,1,4.0,26000037,13,26000019,13,26000041,13,26000056,13,26000055,13,26000064,13,26000000,13,28000008,13,"[26000000, 26000019, 26000037, 26000041, 26000055, 26000056, 26000064, 28000008]",104,7,0,1,5,0,1,2,3.375
55,2020-12-31 21:10:22+00:00,54000050.0,72000006.0,5162.0,#YLVL9LRG,5162.0,30.0,1.0,5832.0,"[980, 646]",#8G2L80Q0,16000148.0,#9LC2RG2G9,5162.0,-30.0,0.0,5832.0,#PR9G0209,16000131.0,[1537],,26000040,13,28000008,13,28000000,13,26000015,13,26000004,13,26000041,13,26000042,13,26000036,13,"[26000004, 26000015, 26000036, 26000040, 26000041, 26000042, 28000000, 28000008]",104,6,0,2,2,3,2,1,3.875,26000055,13,26000044,13,26000046,13,26000017,13,26000004,13,26000010,12,28000001,13,28000008,13,"[26000004, 26000010, 26000017, 26000044, 26000046, 26000055, 28000001, 28000008]",103,6,0,2,3,1,2,2,4.0
56,2020-12-31 21:10:23+00:00,54000050.0,72000006.0,5157.0,#8GRJ98Q9R,5140.0,32.0,1.0,5832.0,"[3260, 12]",#2UCVC2,16000067.0,#98LURGUUP,5174.0,-32.0,0.0,5832.0,#YV0PV9JY,16000050.0,[2389],,26000049,13,26000004,13,28000008,13,28000000,13,26000030,13,26000046,13,26000055,12,26000042,12,"[26000004, 26000030, 26000042, 26000046, 26000049, 26000055, 28000000, 28000008]",102,6,0,2,3,1,1,3,3.75,26000030,13,26000000,13,28000003,13,26000026,13,28000004,13,27000006,13,26000041,13,28000011,13,"[26000000, 26000026, 26000030, 26000041, 27000006, 28000003, 28000004, 28000011]",104,4,1,3,4,1,1,2,3.125
57,2020-12-31 21:10:32+00:00,54000050.0,72000006.0,5089.5,#QY8Q9LGY,5097.0,28.0,1.0,5832.0,"[3078, 3630]",#29UV9YCG,16000002.0,#2C0JCR9QV,5082.0,-28.0,0.0,5568.0,#RCCUY8P,16000058.0,[3042],,28000010,13,26000011,13,26000039,13,26000014,13,26000016,13,28000009,13,28000017,12,26000080,13,"[26000011, 26000014, 26000016, 26000039, 26000080, 28000009, 28000010, 28000017]",103,5,0,3,2,3,2,1,3.875,26000011,13,26000025,12,26000006,13,26000017,13,26000035,12,27000006,13,26000042,11,28000005,12,"[26000006, 26000011, 26000017, 26000025, 26000035, 26000042, 27000006, 28000005]",99,6,1,1,1,2,3,2,4.125
58,2020-12-31 21:10:34+00:00,54000050.0,72000006.0,4741.5,#2GL9CJJRG,4742.0,29.0,1.0,5832.0,"[1638, 3563]",#PG2JQULP,16000002.0,#9QYJ9UCQQ,4741.0,-29.0,0.0,5188.0,#P2UGCQY,16000172.0,[3284],,26000023,13,26000017,13,26000011,13,28000011,13,26000005,13,26000012,13,26000021,13,28000000,13,"[26000005, 26000011, 26000012, 26000017, 26000021, 26000023, 28000000, 28000011]",104,6,0,2,1,4,1,2,3.5,26000017,13,26000013,13,26000011,13,28000004,13,26000018,13,26000001,13,28000011,13,27000004,13,"[26000001, 26000011, 26000013, 26000017, 26000018, 27000004, 28000004, 28000011]",104,5,1,2,2,4,1,1,3.5
59,2020-12-31 21:10:45+00:00,54000050.0,72000006.0,5382.0,#22QVPV9UY,5361.0,33.0,3.0,4443.0,"[3668, 3563]",#9P2VJL9G,16000029.0,#899CC02J,5403.0,-33.0,0.0,,#YJG02982,16000024.0,,,26000010,13,26000044,13,26000030,13,28000000,13,26000024,13,28000011,13,26000061,13,26000042,13,"[26000010, 26000024, 26000030, 26000042, 26000044, 26000061, 28000000, 28000011]",104,6,0,2,3,1,1,3,3.125,26000020,13,26000007,13,26000003,13,26000012,13,28000011,13,26000017,13,26000005,13,28000002,13,"[26000003, 26000005, 26000007, 26000012, 26000017, 26000020, 28000002, 28000011]",104,6,0,2,1,2,4,1,3.875
60,2020-12-31 21:10:45+00:00,54000050.0,72000006.0,5516.0,#8CPLPPV9G,5533.0,27.0,3.0,5832.0,"[3306, 3668]",#LR89ULQ,16000077.0,#GYJRJ2C0,5499.0,-27.0,0.0,,#80CJ2LG8,16000165.0,,,26000055,13,26000018,13,26000014,13,26000015,13,26000026,13,26000012,13,26000046,13,28000008,13,"[26000012, 26000014, 26000015, 26000018, 26000026, 26000046, 26000055, 28000008]",104,7,0,1,1,2,2,3,3.75,27000010,13,27000001,13,26000032,13,28000009,13,28000011,13,26000011,13,26000042,13,26000057,13,"[26000011, 26000032, 26000042, 26000057, 27000001, 27000010, 28000009, 28000011]",104,4,2,2,0,4,1,3,3.75
61,2020-12-31 21:10:55+00:00,54000050.0,72000006.0,5859.0,#2RPRC8VUY,5839.0,33.0,2.0,5832.0,[1765],#8QGPYC98,16000003.0,#29PPV009C,5879.0,-33.0,1.0,1028.0,#GJL0YPL,16000101.0,,,26000029,13,26000057,13,26000048,13,26000032,13,26000015,13,28000000,13,28000015,13,27000012,13,"[26000015, 26000029, 26000032, 26000048, 26000057, 27000012, 28000000, 28000015]",104,5,1,2,0,3,2,3,4.0,28000014,13,26000021,13,26000000,13,26000010,13,26000001,13,27000004,13,28000017,13,28000011,13,"[26000000, 26000001, 26000010, 26000021, 27000004, 28000011, 28000014, 28000017]",104,4,1,3,4,3,0,1,2.75
62,2020-12-31 21:10:55+00:00,54000050.0,72000006.0,6011.5,#RCL0J88,6026.0,27.0,3.0,3121.0,[1986],#9YQ8R9,16000070.0,#P8GC2082,5997.0,-27.0,1.0,,#YGVCUCGL,16000165.0,,,28000001,13,26000032,13,26000027,13,28000003,13,28000006,13,27000001,13,26000008,13,26000045,13,"[26000008, 26000027, 26000032, 26000045, 27000001, 28000001, 28000003, 28000006]",104,4,1,3,2,2,3,1,4.553571428571429,28000002,13,26000006,13,26000021,13,26000011,13,26000022,13,26000018,13,28000008,13,26000017,13,"[26000006, 26000011, 26000017, 26000018, 26000021, 26000022, 28000002, 28000008]",104,6,0,2,2,4,2,0,3.875
63,2020-12-31 21:10:56+00:00,54000050.0,72000006.0,5512.0,#2U0L8J2G,5516.0,29.0,2.0,827.0,[900],#990YQ0,16000027.0,#LRQPVV9V,5508.0,-29.0,1.0,2840.0,#20VQ29C,16000078.0,,,26000024,13,26000061,13,28000000,13,26000044,13,26000015,13,26000039,13,28000015,12,26000010,13,"[26000010, 26000015, 26000024, 26000039, 26000044, 26000061, 28000000, 28000015]",103,6,0,2,2,2,3,1,3.375,26000013,13,26000080,13,26000048,13,28000007,13,26000009,13,26000045,13,26000018,13,26000025,13,"[26000009, 26000013, 26000018, 26000025, 26000045, 26000048, 26000080, 28000007]",104,7,0,1,2,1,4,1,4.625
64,2020-12-31 21:10:56+00:00,54000050.0,72000006.0,5027.5,#90PGVRQR0,5033.0,29.0,1.0,5832.0,"[3405, 1101]",#8982CV8,16000030.0,#P9UP2URCL,5022.0,-29.0,0.0,5304.0,#8QLCCVU8,16000010.0,[2307],,28000003,13,26000056,13,28000008,13,26000000,13,26000057,13,26000055,13,27000010,13,26000033,13,"[26000000, 26000033, 26000055, 26000056, 26000057, 27000010, 28000003, 28000008]",104,5,1,2,2,3,1,2,4.375,26000051,13,26000049,13,28000008,13,28000000,13,26000055,13,26000018,13,26000014,13,26000032,13,"[26000014, 26000018, 26000032, 26000049, 26000051, 26000055, 28000000, 28000008]",104,6,0,2,2,3,0,3,3.875
65,2020-12-31 21:10:57+00:00,54000050.0,72000006.0,4791.0,#89YYJRRG,4793.0,29.0,3.0,5832.0,,#YJJVQ0RV,16000061.0,#98RQLVGG,4789.0,-29.0,2.0,,#88JJLQ8,16000035.0,,,26000018,13,28000011,13,26000022,13,26000021,13,28000000,13,26000017,13,26000011,13,26000008,13,"[26000008, 26000011, 26000017, 26000018, 26000021, 26000022, 28000000, 28000011]",104,6,0,2,2,5,0,1,4.125,26000006,12,26000022,13,28000001,13,26000017,13,26000021,13,26000020,13,26000012,12,26000016,13,"[26000006, 26000012, 26000016, 26000017, 26000020, 26000021, 26000022, 28000001]",102,7,0,1,2,2,4,0,4.5
66,2020-12-31 21:11:03+00:00,54000050.0,72000006.0,5340.0,#2C2LPVRJQ,5341.0,29.0,1.0,5832.0,"[1064, 2952]",#9CRU89,16000083.0,#U9QG9VU2,5339.0,-29.0,0.0,5832.0,#LLVGQLG,16000081.0,[3418],,26000049,13,26000000,13,26000058,13,26000032,12,27000004,13,26000019,13,28000000,13,28000011,13,"[26000000, 26000019, 26000032, 26000049, 26000058, 27000004, 28000000, 28000011]",103,5,1,2,3,2,1,2,2.75,26000005,13,26000018,13,26000011,13,28000001,13,26000007,13,26000003,13,26000014,13,26000012,13,"[26000003, 26000005, 26000007, 26000011, 26000012, 26000014, 26000018, 28000001]",104,7,0,1,2,4,2,0,3.875
67,2020-12-31 21:11:15+00:00,54000050.0,72000006.0,5574.5,#28J890889,5584.0,28.0,1.0,5832.0,"[2602, 3668]",#PG2JQULP,16000002.0,#9U92YJ8Q8,5565.0,-28.0,0.0,5304.0,#99JQPJ28,16000039.0,[3346],,26000054,13,26000044,13,28000011,13,27000002,13,26000000,13,26000056,13,28000009,13,26000041,13,"[26000000, 26000041, 26000044, 26000054, 26000056, 27000002, 28000009, 28000011]",104,5,1,2,3,0,4,1,3.5,28000001,13,26000049,13,27000003,13,26000020,13,26000011,13,26000041,13,26000014,13,28000004,13,"[26000011, 26000014, 26000020, 26000041, 26000049, 27000003, 28000001, 28000004]",104,5,1,2,3,3,2,0,3.75
68,2020-12-31 21:11:15+00:00,54000050.0,72000006.0,6469.5,#8RYJL900Q,6455.0,32.0,1.0,5526.0,"[1110, 1706]",#Y89VR8JL,16000040.0,#Y0PVCVLV,6484.0,-32.0,0.0,5526.0,#P9U9QGJQ,16000030.0,[2376],,26000049,13,26000000,13,26000058,13,26000032,13,27000004,13,26000019,13,28000018,13,28000011,13,"[26000000, 26000019, 26000032, 26000049, 26000058, 27000004, 28000011, 28000018]",104,5,1,2,4,1,1,2,2.625,26000055,13,26000037,13,26000050,13,28000008,13,26000051,13,26000042,13,26000046,13,28000009,13,"[26000037, 26000042, 26000046, 26000050, 26000051, 26000055, 28000008, 28000009]",104,6,0,2,1,0,1,6,4.0
69,2020-12-31 21:11:15+00:00,54000050.0,72000006.0,5103.5,#YQV2Y22UC,5100.0,30.0,2.0,2597.0,[1027],#Y998Q2QL,16000029.0,#22GUJYQQU,5107.0,-30.0,1.0,2589.0,#8GY029CG,16000029.0,,,28000008,13,26000019,13,26000032,13,26000037,12,26000041,13,26000055,12,26000049,13,26000056,13,"[26000019, 26000032, 26000037, 26000041, 26000049, 26000055, 26000056, 28000008]",102,7,0,1,4,0,1,3,3.25,26000043,13,26000055,13,26000047,13,26000022,13,26000051,13,26000017,13,28000006,13,28000002,13,"[26000017, 26000022, 26000043, 26000047, 26000051, 26000055, 28000002, 28000006]",104,6,0,2,3,1,2,2,5.410714285714286
70,2020-12-31 21:11:23+00:00,54000050.0,72000006.0,6046.0,#28QQPLL20,6061.0,27.0,1.0,5832.0,"[1112, 2707]",#2GC08Q2U,16000072.0,#8PY2RYYP,6031.0,-27.0,0.0,5832.0,#9JUUP28,16000145.0,[2084],,28000003,13,28000011,13,28000012,13,26000045,13,26000011,13,26000021,13,26000030,13,26000002,13,"[26000002, 26000011, 26000021, 26000030, 26000045, 28000003, 28000011, 28000012]",104,5,0,3,2,3,2,1,3.375,26000029,13,26000008,13,26000080,13,28000008,13,27000009,13,26000006,13,28000000,13,26000039,13,"[26000006, 26000008, 26000029, 26000039, 26000080, 27000009, 28000000, 28000008]",104,5,1,2,3,3,1,1,4.125
71,2020-12-31 21:11:34+00:00,54000050.0,72000006.0,5567.5,#8YJJRJ2VC,5577.0,28.0,2.0,5832.0,[578],#8GGCQQ82,16000097.0,#22LCPYL0Q,5558.0,-28.0,1.0,4290.0,#99RYLJU8,16000009.0,,,26000004,13,26000062,13,26000036,13,26000046,13,26000050,13,26000042,13,28000008,13,28000009,13,"[26000004, 26000036, 26000042, 26000046, 26000050, 26000062, 28000008, 28000009]",104,6,0,2,1,1,2,4,3.875,26000055,13,27000012,13,26000056,13,28000015,13,26000026,12,28000004,13,26000037,13,28000009,13,"[26000026, 26000037, 26000055, 26000056, 27000012, 28000004, 28000009, 28000015]",103,4,1,3,0,1,4,3,3.75
72,2020-12-31 21:11:37+00:00,54000050.0,72000006.0,5255.0,#28LQV999Y,5244.0,31.0,2.0,4864.0,[1688],#PGU9LRQ,16000002.0,#8YRQVL8RV,5266.0,-31.0,1.0,3507.0,#P9URC0QV,16000058.0,,,26000015,13,26000009,13,28000001,13,28000007,13,26000048,13,26000000,13,28000008,13,28000015,12,"[26000000, 26000009, 26000015, 26000048, 28000001, 28000007, 28000008, 28000015]",103,4,0,4,3,0,4,1,4.0,26000000,13,26000040,13,26000041,13,28000004,13,26000026,12,28000011,12,28000003,13,27000003,13,"[26000000, 26000026, 26000040, 26000041, 27000003, 28000003, 28000004, 28000011]",102,4,1,3,2,3,1,2,3.5
73,2020-12-31 21:11:38+00:00,54000050.0,72000006.0,5106.5,#CCUP9UUJ,5110.0,29.0,2.0,5832.0,[2599],#9CRU89,16000083.0,#8C298LPYQ,5103.0,-29.0,1.0,5304.0,#VYVLU8Q,16000177.0,,,28000011,13,27000001,13,27000010,13,26000012,13,26000041,13,27000006,13,26000032,13,28000000,13,"[26000012, 26000032, 26000041, 27000001, 27000006, 27000010, 28000000, 28000011]",104,3,3,2,2,3,1,2,3.5,28000004,13,26000046,13,26000027,13,26000053,13,28000003,13,26000041,13,28000011,12,26000026,13,"[26000026, 26000027, 26000041, 26000046, 26000053, 28000003, 28000004, 28000011]",103,5,0,3,2,1,2,3,3.625
74,2020-12-31 21:11:38+00:00,54000050.0,72000006.0,4641.0,#LUYQ22V0C,4641.0,30.0,1.0,5304.0,"[2020, 2341]",#QU2GLQ,16000107.0,#LL2Q90C90,4641.0,-30.0,0.0,5304.0,#89RLRQL2,16000081.0,[2787],,28000007,11,26000024,12,26000018,12,26000013,12,28000001,12,26000064,13,26000061,11,26000042,12,"[26000013, 26000018, 26000024, 26000042, 26000061, 26000064, 28000001, 28000007]",95,6,0,2,4,1,1,2,4.0,26000000,13,28000001,13,28000004,12,26000055,11,26000062,12,26000012,10,26000017,13,26000011,13,"[26000000, 26000011, 26000012, 26000017, 26000055, 26000062, 28000001, 28000004]",97,6,0,2,2,2,2,2,4.0
75,2020-12-31 21:11:42+00:00,54000050.0,72000006.0,5114.0,#28VQQU8J,5110.0,30.0,1.0,5304.0,"[2958, 1323]",#YP9C20JR,16000012.0,#QLJ2U88U,5118.0,-30.0,0.0,5697.0,#PC8C2VL0,16000044.0,[338],,28000001,13,26000032,11,26000056,13,26000041,13,26000055,11,26000016,13,26000037,13,26000049,13,"[26000016, 26000032, 26000037, 26000041, 26000049, 26000055, 26000056, 28000001]",100,7,0,1,3,0,2,3,3.75,26000000,13,27000004,13,26000002,13,28000000,13,26000054,13,28000011,13,26000019,13,26000044,13,"[26000000, 26000002, 26000019, 26000044, 26000054, 27000004, 28000000, 28000011]",104,5,1,2,3,2,2,1,3.25
76,2020-12-31 21:11:51+00:00,54000050.0,72000006.0,5092.0,#8GPYULCPP,5092.0,30.0,1.0,5832.0,"[2271, 3668]",#8VYPCVQ9,16000008.0,#PLYC9RRY,5092.0,-30.0,0.0,5832.0,#P2CUUCJ,16000138.0,[3668],,26000011,13,26000041,13,28000008,13,27000010,13,26000009,13,28000000,13,28000011,13,27000001,13,"[26000009, 26000011, 26000041, 27000001, 27000010, 28000000, 28000008, 28000011]",104,3,2,3,2,4,1,1,4.0,26000014,13,28000001,13,26000036,13,28000000,13,28000008,13,26000056,12,26000049,13,26000004,13,"[26000004, 26000014, 26000036, 26000049, 26000056, 28000000, 28000001, 28000008]",103,5,0,3,3,3,2,0,3.625
77,2020-12-31 21:11:53+00:00,54000050.0,72000006.0,4743.5,#8YPYQ22,4743.0,30.0,1.0,5832.0,"[3346, 1173]",#VCC2Y2,16000166.0,#2VCQ2Q9LJ,4744.0,-30.0,0.0,5304.0,#PQQGRYRG,16000126.0,[2863],,26000049,13,26000017,13,26000000,12,26000055,12,28000001,13,26000064,13,26000011,13,26000021,13,"[26000000, 26000011, 26000017, 26000021, 26000049, 26000055, 26000064, 28000001]",102,7,0,1,4,3,0,1,3.875,26000007,13,26000022,13,26000017,13,26000011,13,28000002,12,26000055,12,28000000,13,26000046,12,"[26000007, 26000011, 26000017, 26000022, 26000046, 26000055, 28000000, 28000002]",101,6,0,2,1,3,2,2,4.375
78,2020-12-31 21:11:55+00:00,54000050.0,72000006.0,5095.0,#2QVQ9PLJ9,5077.0,33.0,1.0,5832.0,"[3235, 2999]",#LGUCPV,16000017.0,#8GPQJUVY,5113.0,-33.0,0.0,5832.0,#29Q0LG9C,16000099.0,[2788],,26000001,13,26000010,10,27000006,13,28000000,13,26000038,13,28000011,13,27000008,13,26000000,13,"[26000000, 26000001, 26000010, 26000038, 27000006, 27000008, 28000000, 28000011]",101,4,2,2,4,2,1,1,3.125,26000083,13,28000000,13,26000010,13,26000005,13,28000011,13,28000012,12,26000004,13,26000018,13,"[26000004, 26000005, 26000010, 26000018, 26000083, 28000000, 28000011, 28000012]",103,5,0,3,2,2,2,2,3.5
79,2020-12-31 21:11:57+00:00,54000050.0,72000006.0,6044.5,#CJY9R9U,6065.0,26.0,3.0,4432.0,[3668],#2PYV00GQ,16000030.0,#98L80RGL2,6024.0,-26.0,1.0,,#8Q88JPG,16000054.0,,,26000080,13,26000032,13,28000001,13,26000008,13,26000006,13,26000029,13,28000008,13,26000037,13,"[26000006, 26000008, 26000029, 26000032, 26000037, 26000080, 28000001, 28000008]",104,6,0,2,4,0,1,3,4.125,26000036,13,26000046,13,26000050,13,26000062,13,28000015,13,28000017,13,26000042,13,26000054,13,"[26000036, 26000042, 26000046, 26000050, 26000054, 26000062, 28000015, 28000017]",104,6,0,2,1,1,2,4,3.375
80,2020-12-31 21:11:59+00:00,54000050.0,72000006.0,4730.0,#2C2CG80L,4729.0,30.0,2.0,5108.0,[2366],#2299RQUC,16000171.0,#L9QVV92U0,4731.0,-30.0,1.0,1858.0,#9PYLU0YJ,16000067.0,,,26000011,13,26000064,13,26000017,13,28000002,12,26000013,13,26000000,13,26000021,13,26000012,12,"[26000000, 26000011, 26000012, 26000013, 26000017, 26000021, 26000064, 28000002]",102,7,0,1,3,3,2,0,3.375,26000058,12,26000037,11,26000055,12,26000049,11,26000064,12,28000017,11,26000019,11,26000041,13,"[26000019, 26000037, 26000041, 26000049, 26000055, 26000058, 26000064, 28000017]",93,7,0,1,5,0,1,2,3.125
81,2020-12-31 21:12:01+00:00,54000050.0,72000006.0,5535.0,#2G0YP8LLP,5539.0,29.0,1.0,5278.0,"[1506, 3668]",#LR89ULQ,16000077.0,#88G2CGY00,5531.0,-29.0,0.0,5832.0,#8JQ9Y8P2,16000146.0,[2509],,26000037,13,28000008,13,28000007,13,26000006,13,27000012,13,28000012,13,28000015,13,26000023,13,"[26000006, 26000023, 26000037, 27000012, 28000007, 28000008, 28000012, 28000015]",104,3,1,4,1,1,4,2,3.625,26000044,13,26000015,13,28000007,13,27000012,13,28000012,13,26000048,13,28000015,13,26000009,13,"[26000009, 26000015, 26000044, 26000048, 27000012, 28000007, 28000012, 28000015]",104,4,1,3,0,1,6,1,4.375
82,2020-12-31 21:12:01+00:00,54000050.0,72000006.0,6503.0,#C9VU22P0,6525.0,26.0,1.0,5832.0,"[1121, 2975]",#8QGPYC98,16000003.0,#89VVGUCRQ,6481.0,-26.0,0.0,5697.0,#88PVYQ,16000076.0,[2816],,28000008,13,26000049,13,26000012,13,26000022,13,26000003,13,26000018,13,26000033,13,28000001,13,"[26000003, 26000012, 26000018, 26000022, 26000033, 26000049, 28000001, 28000008]",104,6,0,2,4,2,1,1,3.75,26000009,13,26000048,13,26000039,13,26000063,13,28000008,13,26000016,13,26000027,13,28000009,13,"[26000009, 26000016, 26000027, 26000039, 26000048, 26000063, 28000008, 28000009]",104,6,0,2,1,1,5,1,4.375
83,2020-12-31 21:12:03+00:00,54000050.0,72000006.0,5410.5,#22U992CC,5414.0,29.0,1.0,5832.0,"[2163, 3668]",#9LG8VC89,16000004.0,#Q8989UU,5407.0,-29.0,0.0,5832.0,#PJVY028R,16000077.0,[3668],,26000085,13,26000027,13,26000015,13,28000007,13,28000015,13,28000012,13,27000012,13,26000023,13,"[26000015, 26000023, 26000027, 26000085, 27000012, 28000007, 28000012, 28000015]",104,4,1,3,0,1,6,1,4.25,28000012,13,28000015,13,26000023,13,27000012,13,26000015,13,28000009,13,28000010,13,26000000,13,"[26000000, 26000015, 26000023, 27000012, 28000009, 28000010, 28000012, 28000015]",104,3,1,4,1,1,4,2,3.5
84,2020-12-31 21:12:05+00:00,54000050.0,72000006.0,5562.5,#URQJURR0,5555.0,31.0,1.0,5762.0,"[660, 3570]",#GR80Y9J,16000167.0,#V89CPPVU,5570.0,-31.0,0.0,2698.0,#8QPLV8C0,16000031.0,[2292],,26000059,13,26000084,11,26000047,13,28000000,13,26000052,12,27000012,13,26000057,13,28000015,13,"[26000047, 26000052, 26000057, 26000059, 26000084, 27000012, 28000000, 28000015]",101,5,1,2,2,5,1,0,3.875,26000055,13,28000008,13,26000056,13,26000037,13,26000032,13,26000046,13,26000019,13,26000049,13,"[26000019, 26000032, 26000037, 26000046, 26000049, 26000055, 26000056, 28000008]",104,7,0,1,3,0,1,4,3.25
85,2020-12-31 21:12:07+00:00,54000050.0,72000006.0,4741.0,#8JQPVRR,4744.0,29.0,1.0,5832.0,"[1687, 2903]",#YU0JV9QV,16000077.0,#Y9CLUJPJ9,4738.0,-29.0,0.0,5304.0,#YRYY8CV0,16000012.0,[2392],,26000015,12,26000013,13,26000005,13,26000008,13,28000004,12,26000003,13,28000000,13,28000008,13,"[26000003, 26000005, 26000008, 26000013, 26000015, 28000000, 28000004, 28000008]",102,5,0,3,4,2,2,0,3.625,26000004,13,28000007,12,26000053,13,26000046,11,28000017,12,26000017,9,26000027,12,26000083,12,"[26000004, 26000017, 26000027, 26000046, 26000053, 26000083, 28000007, 28000017]",94,6,0,2,2,1,3,2,4.5
86,2020-12-31 21:12:16+00:00,54000050.0,72000006.0,5121.5,#GUQ02JU2,5122.0,29.0,2.0,4279.0,[396],#PG2JQULP,16000002.0,#PQ28YL8GV,5121.0,-29.0,1.0,4059.0,#8089LUCU,16000058.0,,,26000004,13,26000006,13,26000035,13,28000008,13,26000014,13,26000005,13,26000017,13,28000001,13,"[26000004, 26000005, 26000006, 26000014, 26000017, 26000035, 28000001, 28000008]",104,6,0,2,3,2,2,1,4.125,27000010,13,26000064,13,26000037,13,26000035,13,26000006,13,26000055,13,26000012,13,28000003,13,"[26000006, 26000012, 26000035, 26000037, 26000055, 26000064, 27000010, 28000003]",104,6,1,1,1,2,2,3,4.5
87,2020-12-31 21:12:18+00:00,54000050.0,72000006.0,4212.0,#LJL8CCRY2,4218.0,28.0,1.0,4392.0,"[46, 2154]",#P9C0J2C,16000143.0,#298Q229L,4206.0,-28.0,0.0,4824.0,#28P9Q998,16000058.0,[2785],,26000000,10,28000011,10,26000011,11,26000042,11,26000021,10,26000035,10,26000017,11,26000026,10,"[26000000, 26000011, 26000017, 26000021, 26000026, 26000035, 26000042, 28000011]",83,7,0,1,1,3,0,4,3.625,26000027,11,28000000,10,28000002,10,26000049,10,26000045,11,26000051,10,26000017,11,26000016,10,"[26000016, 26000017, 26000027, 26000045, 26000049, 26000051, 28000000, 28000002]",83,6,0,2,1,2,4,1,4.0
88,2020-12-31 21:12:23+00:00,54000050.0,72000006.0,5496.5,#20L0QC2JV,5516.0,26.0,3.0,3345.0,[765],#JC0L0UY,16000002.0,#9CCRQ90YR,5477.0,-26.0,1.0,,#82RYGQ8,16000048.0,,,26000009,13,26000048,13,26000018,13,26000039,13,26000015,13,28000012,12,28000007,13,28000001,13,"[26000009, 26000015, 26000018, 26000039, 26000048, 28000001, 28000007, 28000012]",103,5,0,3,1,2,4,1,4.375,26000010,12,27000003,11,28000011,12,26000030,12,28000004,13,26000056,13,26000040,12,26000000,12,"[26000000, 26000010, 26000030, 26000040, 26000056, 27000003, 28000004, 28000011]",97,5,1,2,3,2,2,1,2.625
89,2020-12-31 21:12:25+00:00,54000050.0,72000006.0,6001.0,#20PYQQP8P,5999.0,30.0,1.0,5491.0,"[3006, 1065]",#880C9QL2,16000030.0,#22VP090CJ,6003.0,-30.0,0.0,5491.0,#298YQQQY,16000067.0,[972],,28000012,13,28000015,13,26000063,13,26000009,13,26000048,13,27000005,13,27000010,13,26000039,13,"[26000009, 26000039, 26000048, 26000063, 27000005, 27000010, 28000012, 28000015]",104,4,2,2,0,3,4,1,4.5,26000000,13,26000019,13,26000064,13,28000011,13,27000002,13,26000010,13,28000012,13,28000014,13,"[26000000, 26000010, 26000019, 26000064, 27000002, 28000011, 28000012, 28000014]",104,4,1,3,5,1,1,1,2.625
90,2020-12-31 21:12:25+00:00,54000050.0,72000006.0,5313.5,#LY9VURL,5296.0,33.0,2.0,5832.0,[1130],#LGUCPV,16000017.0,#UR0GGLY,5331.0,-33.0,1.0,5492.0,#PQRPRPVC,16000121.0,,,26000035,12,26000004,13,28000012,12,28000008,13,28000005,13,26000017,13,26000041,13,26000006,13,"[26000004, 26000006, 26000017, 26000035, 26000041, 28000005, 28000008, 28000012]",102,5,0,3,2,1,4,1,4.125,26000009,13,26000048,13,26000049,13,26000057,13,28000013,13,26000041,13,26000056,13,28000001,13,"[26000009, 26000041, 26000048, 26000049, 26000056, 26000057, 28000001, 28000013]",104,6,0,2,3,1,3,1,3.75
91,2020-12-31 21:12:27+00:00,54000050.0,72000006.0,5439.5,#8JLVU220V,5427.0,32.0,1.0,5832.0,"[1315, 3668]",#8VQ9G,16000046.0,#LGCGYGLR,5452.0,-32.0,0.0,5832.0,#2GYYUUY,16000140.0,[3346],,28000001,13,26000049,13,26000037,13,26000055,13,26000032,13,26000016,13,26000011,13,28000008,13,"[26000011, 26000016, 26000032, 26000037, 26000049, 26000055, 28000001, 28000008]",104,6,0,2,3,1,1,3,3.75,26000003,13,26000039,13,26000049,13,28000015,13,26000016,13,26000027,13,28000001,13,28000000,13,"[26000003, 26000016, 26000027, 26000039, 26000049, 28000000, 28000001, 28000015]",104,5,0,3,2,3,3,0,3.5
92,2020-12-31 21:12:31+00:00,54000050.0,72000006.0,4898.0,#2YP0P8QU,4915.0,27.0,1.0,5832.0,"[3668, 1695]",#9CVJ9CLJ,16000095.0,#Y89PJGGLJ,4881.0,-27.0,0.0,5832.0,#9JRQ9QYQ,16000171.0,[3668],,26000001,13,26000003,13,26000005,13,26000008,13,26000013,13,26000021,13,28000000,13,28000001,13,"[26000001, 26000003, 26000005, 26000008, 26000013, 26000021, 28000000, 28000001]",104,6,0,2,5,3,0,0,3.75,26000056,12,26000058,12,28000011,13,26000000,13,27000000,12,26000023,12,26000039,12,28000009,12,"[26000000, 26000023, 26000039, 26000056, 26000058, 27000000, 28000009, 28000011]",98,5,1,2,2,1,3,2,2.875
93,2020-12-31 21:12:40+00:00,54000050.0,72000006.0,5377.0,#99G9Y29UL,5371.0,31.0,1.0,5832.0,"[3668, 693]",#2PUC92G2,16000164.0,#2ULURLP89,5383.0,-31.0,0.0,5304.0,#CJRQ22,16000167.0,[3346],,26000003,13,28000001,13,26000049,13,28000017,12,26000012,13,28000010,13,26000014,13,26000018,13,"[26000003, 26000012, 26000014, 26000018, 26000049, 28000001, 28000010, 28000017]",103,5,0,3,3,3,1,1,3.5,26000035,13,26000037,13,26000006,13,26000021,13,26000017,13,26000012,13,26000011,13,28000001,13,"[26000006, 26000011, 26000012, 26000017, 26000021, 26000035, 26000037, 28000001]",104,7,0,1,1,3,2,2,4.0
94,2020-12-31 21:12:43+00:00,54000050.0,72000006.0,5582.5,#YVY08J0,5600.0,26.0,3.0,5643.0,[579],#8GJ9PVQU,16000022.0,#GVQPGGCU,5565.0,-26.0,1.0,,#LP2RP9JJ,16000039.0,,,28000001,13,26000006,13,26000008,13,26000037,13,26000029,13,26000032,13,26000080,13,28000008,13,"[26000006, 26000008, 26000029, 26000032, 26000037, 26000080, 28000001, 28000008]",104,6,0,2,4,0,1,3,4.125,26000009,13,26000048,13,26000039,13,26000018,13,26000015,13,28000000,13,28000008,13,28000015,13,"[26000009, 26000015, 26000018, 26000039, 26000048, 28000000, 28000008, 28000015]",104,5,0,3,1,3,3,1,3.875
95,2020-12-31 21:12:49+00:00,54000050.0,72000006.0,4749.5,#U28UJP92,4749.0,30.0,3.0,5304.0,"[3346, 3287]",#PUPJ2QG,16000002.0,#GRYRQY0R8,4750.0,-30.0,0.0,,#8VV9RUJC,16000164.0,,,27000003,12,28000015,12,26000017,13,28000000,13,26000011,12,26000015,13,26000004,13,26000021,13,"[26000004, 26000011, 26000015, 26000017, 26000021, 27000003, 28000000, 28000015]",101,5,1,2,0,5,3,0,4.375,26000008,12,28000011,11,26000037,12,28000001,12,26000032,11,26000006,12,26000029,12,26000039,12,"[26000006, 26000008, 26000029, 26000032, 26000037, 26000039, 28000001, 28000011]",94,6,0,2,2,1,1,4,4.0
96,2020-12-31 21:12:50+00:00,54000050.0,72000006.0,5934.5,#29CJ2GU22,5955.0,26.0,1.0,5832.0,"[3273, 3475]",#2GC08Q2U,16000072.0,#VU920QCC,5914.0,-26.0,0.0,5398.0,#RVCJL0Q,16000009.0,[2562],,26000019,13,26000032,13,26000049,13,28000008,13,26000056,13,26000037,13,26000055,13,26000041,13,"[26000019, 26000032, 26000037, 26000041, 26000049, 26000055, 26000056, 28000008]",104,7,0,1,4,0,1,3,3.25,26000033,13,26000055,13,26000039,13,26000015,13,26000000,13,27000006,13,26000006,13,26000012,13,"[26000000, 26000006, 26000012, 26000015, 26000033, 26000039, 26000055, 27000006]",104,7,1,0,2,1,3,2,4.375
97,2020-12-31 21:12:50+00:00,54000050.0,72000006.0,5395.0,#89RGCY2PU,5387.0,31.0,1.0,5832.0,"[1813, 3418]",#CUPQC88,16000044.0,#90Y9L90V9,5403.0,-31.0,0.0,5252.0,#2QRR0JUG,16000044.0,[3273],,26000040,13,26000010,12,27000004,12,26000018,13,26000056,13,28000004,13,28000000,13,28000011,13,"[26000010, 26000018, 26000040, 26000056, 27000004, 28000000, 28000004, 28000011]",102,4,1,3,1,4,2,1,3.0,28000000,13,26000002,13,26000018,13,28000008,13,26000048,13,26000039,13,26000042,13,26000003,13,"[26000002, 26000003, 26000018, 26000039, 26000042, 26000048, 28000000, 28000008]",104,6,0,2,2,4,0,2,3.5
98,2020-12-31 21:12:51+00:00,54000050.0,72000006.0,5270.5,#8PL98RYJP,5273.0,29.0,1.0,5832.0,"[1154, 1344]",#L0U0CCL9,16000164.0,#8V22U0L2,5268.0,-29.0,0.0,5542.0,#Q80RJVGL,16000128.0,[2132],,26000023,13,28000012,13,28000011,13,27000004,13,26000021,13,26000002,13,26000000,13,28000000,13,"[26000000, 26000002, 26000021, 26000023, 27000004, 28000000, 28000011, 28000012]",104,4,1,3,2,3,1,2,3.125,26000016,13,26000053,13,26000026,13,26000040,13,28000004,13,26000041,13,28000011,13,28000003,13,"[26000016, 26000026, 26000040, 26000041, 26000053, 28000003, 28000004, 28000011]",104,5,0,3,2,2,2,2,3.75
99,2020-12-31 21:12:56+00:00,54000050.0,72000006.0,5769.0,#RUVCUUUG,5755.0,32.0,1.0,5832.0,"[3548, 791]",#9YQ8R9,16000070.0,#UPGJJPV,5783.0,-32.0,0.0,5832.0,#9J09C9U8,16000104.0,[3178],,26000055,13,26000037,13,26000015,13,28000004,13,27000006,13,28000001,13,26000041,13,26000049,13,"[26000015, 26000037, 26000041, 26000049, 26000055, 27000006, 28000001, 28000004]",104,5,1,2,4,0,2,2,3.75,26000024,13,26000084,13,27000012,13,28000000,13,28000015,13,26000015,13,26000035,12,26000039,13,"[26000015, 26000024, 26000035, 26000039, 26000084, 27000012, 28000000, 28000015]",103,5,1,2,2,3,2,1,3.5
